<?xml version="1.0" encoding="UTF-8"?>
<included>
    <!-- file-appender properties -->
    <springProperty name="LOG_FILE_PATH" source="logging.file.path"
                    defaultValue="${user.home}/logs/seata"/>
    <springProperty name="FILE_LOG_PATTERN" source="logging.pattern.file"
                    defaultValue="%d{yyyy-MM-dd HH:mm:ss.SSS} %5p --- [%30.30t] %-40.40logger{39} : %m%n%wEx2"/>

    <!--ALL-->
    <appender name="FILE_ALL" class="ch.qos.logback.core.rolling.RollingFileAppender">
        <file>${LOG_FILE_PATH}/${APPLICATION_NAME:-seata-server}.${RPC_PORT}.all.log</file>
        <append>true</append>
        <rollingPolicy class="ch.qos.logback.core.rolling.SizeAndTimeBasedRollingPolicy">
            <fileNamePattern>${LOG_FILE_PATH}/history/${APPLICATION_NAME:-seata-server}.${RPC_PORT}.all.%d{yyyy-MM-dd}.%i.log.gz</fileNamePattern>
            <maxFileSize>2GB</maxFileSize>
            <MaxHistory>7</MaxHistory>
            <totalSizeCap>7GB</totalSizeCap>
            <cleanHistoryOnStart>true</cleanHistoryOnStart>
        </rollingPolicy>
        <encoder>
            <Pattern>${FILE_LOG_PATTERN}</Pattern>
            <charset>UTF-8</charset>
        </encoder>
    </appender>

    <!--WARN-->
    <appender name="FILE_WARN" class="ch.qos.logback.core.rolling.RollingFileAppender">
        <filter class="ch.qos.logback.classic.filter.LevelFilter">
            <level>WARN</level>
            <onMatch>ACCEPT</onMatch>
            <onMismatch>DENY</onMismatch>
        </filter>
        <file>${LOG_FILE_PATH}/${APPLICATION_NAME:-seata-server}.${RPC_PORT}.warn.log</file>
        <append>true</append>
        <rollingPolicy class="ch.qos.logback.core.rolling.SizeAndTimeBasedRollingPolicy">
            <fileNamePattern>${LOG_FILE_PATH}/history/${APPLICATION_NAME:-seata-server}.${RPC_PORT}.warn.%d{yyyy-MM-dd}.%i.log.gz</fileNamePattern>
            <maxFileSize>2GB</maxFileSize>
            <MaxHistory>7</MaxHistory>
            <totalSizeCap>7GB</totalSizeCap>
            <cleanHistoryOnStart>true</cleanHistoryOnStart>
        </rollingPolicy>
        <encoder>
            <Pattern>${FILE_LOG_PATTERN}</Pattern>
            <charset>UTF-8</charset>
        </encoder>
    </appender>

    <!--ERROR-->
    <appender name="FILE_ERROR" class="ch.qos.logback.core.rolling.RollingFileAppender">
        <filter class="ch.qos.logback.classic.filter.LevelFilter">
            <level>ERROR</level>
            <onMatch>ACCEPT</onMatch>
            <onMismatch>DENY</onMismatch>
        </filter>
        <file>${LOG_FILE_PATH}/${APPLICATION_NAME:-seata-server}.${RPC_PORT}.error.log</file>
        <append>true</append>
        <rollingPolicy class="ch.qos.logback.core.rolling.SizeAndTimeBasedRollingPolicy">
            <fileNamePattern>${LOG_FILE_PATH}/history/${APPLICATION_NAME:-seata-server}.${RPC_PORT}.error.%d{yyyy-MM-dd}.%i.log.gz</fileNamePattern>
            <maxFileSize>2GB</maxFileSize>
            <MaxHistory>7</MaxHistory>
            <totalSizeCap>7GB</totalSizeCap>
            <cleanHistoryOnStart>true</cleanHistoryOnStart>
        </rollingPolicy>
        <encoder>
            <Pattern>${FILE_LOG_PATTERN}</Pattern>
            <charset>UTF-8</charset>
        </encoder>
    </appender>
</included>
